IMG_FNAME;IDX_POLY;ID_POLY;SATELITE;BEAM_MODE;RESULT_BASENAME;COMPOSITE_BASENAME;TARGET_TILE_WIDTH;TARGET_TILE_HEIGHT;CLIPPED_WIDTH;CLIPPED_HEIGHT;GRID_COLS;GRID_ROWS;COMPOSITE_WIDTH;COMPOSITE_HEIGHT;PAD_LEFT;PAD_RIGHT;PAD_TOP;PAD_BOTTOM;IS_COMPOSITE;PANEL_INDEX;PANEL_ROW;PANEL_COL;PANEL_COUNT;POLYS_IN_PANEL;POLYS_IN_GROUP;CENTR_KM_LAT;CENTR_KM_LON;UTM_ZONE;AREA_KM2;PERIM_KM;COMPLEX_MEAS;SPREAD;SHP_FACT;HU_MOM1;HU_MOM2;HU_MOM3;HU_MOM4;HU_MOM5;HU_MOM6;HU_MOM7;CIRCULARITY;PERI_AREA_RATIO;FG_STD;FG_VAR;FG_MIN;FG_MAX;FG_MEAN;FG_MEDIAN;FG_VAR_COEF;BG_STD;BG_VAR;BG_MIN;BG_MAX;BG_MEAN;BG_MEDIAN;BG_VAR_COEF;FG_DARK_INTENS;FG_BG_KS_STAT;FG_BG_KS_RES;FG_BG_MW_STAT;FG_BG_MW_RES;FG_BG_RAT_ARI;FG_BG_RAT_QUA;AREA_KM_DS;PERIM_KM_DS;CLASSE
01 S1A_IW_GRDH_1SDV_20200117T001541_NR_Orb_Cal_TC.tif;0;OS03000GXS1;SENTINEL-1;IW;IMG_01_WIN_001;IMG_01_WIN_001;800;600;800;600;1;1;800;600;0;0;0;0;0;1;1;1;2;1;1;19.378354518621073;-92.03514190820677;15Q;1.3408266240441802;29.890669524289763;666.3442600173679;1.3618420730654393;53.02599139133764;3.138915614379714;7.360095872241463;14.224847249892898;13.415500539336419;-27.361163897990252;-17.356928976901994;27.41447937333959;0.01885867616542782;22.29271778191128;2.9901980951674814;8.941284648343235;-42.60891;-14.511311;-21.022541270285394;-20.677155;-0.14223770840654829;2.6724709020304447;7.142100722199419;-48.533997;6.0253806;-16.96172347079402;-16.850065;-0.15755892416428716;4.060817799491375;0.5642542097771868;DIFF;5.808112e+07;DIFF;0.80683506;0.80864924;1.34082662404;29.8906695243;SEEPAGE SLICK
01 S1A_IW_GRDH_1SDV_20200117T001541_NR_Orb_Cal_TC.tif;1;SP00100GXS1;SENTINEL-1;IW;IMG_01_WIN_002;IMG_01_WIN_002;800;600;800;600;1;1;800;600;0;0;0;0;0;2;1;1;2;1;1;19.295759963650884;-92.20346495316124;15Q;0.09457973672169068;2.717161303613173;78.06075387562005;0.9191274374272502;6.211877420392379;3.1024022078202713;7.295185337591689;13.014322635885339;12.68135549208138;25.659656998574413;17.318907798314502;-25.701804031313515;0.16098192741492218;28.728789038699304;2.691401736142171;7.243643305309094;-32.868332;-14.123;-20.037630595858136;-19.591951;-0.13431736468375136;4.589970487801114;21.067829078885197;-34.86163;9.572723;-16.194960694875775;-16.548512;-0.2834196744456083;3.8426699009823615;0.5474465148378191;DIFF;133529.0;DIFF;0.8082274;0.8325847;0.0945797367217;2.71716130361;OIL SPILL
02 S1A_IW_GRDH_1SDV_20200210T001540_NR_Orb_Cal_TC.tif;0;OS03001GXS1;SENTINEL-1;IW;IMG_02_WIN_006;IMG_02_WIN_006;800;600;800;600;1;1;800;600;0;0;0;0;0;6;1;1;9;2;2;19.408238947841863;-92.09811868995673;15Q;11.725072387852121;138.68753857842475;1640.4362140117678;0.5258813751313831;130.54176614346358;3.1522796672383055;7.421981947851007;14.137374513032883;14.225477000885743;-28.6327575996515;-18.244544456334612;28.50159140407555;0.007660383565678237;11.828288473691076;4.137660955643312;17.12023818385513;-59.193592;-14.153567;-23.883393314139475;-23.236519;-0.17324426647505442;3.0051245141177407;9.030773345351387;-64.78499;21.963774;-18.30272076078825;-18.097305;-0.16419004329432374;5.580672553351224;0.6102692922878802;DIFF;1.3555147e+10;DIFF;0.7663367;0.76519924;11.7250723879;138.687538578;SEEPAGE SLICK
02 S1A_IW_GRDH_1SDV_20200210T001540_NR_Orb_Cal_TC.tif;1;OS03002GXS1;SENTINEL-1;IW;IMG_02_WIN_003;IMG_02_WIN_003;800;600;800;600;1;1;800;600;0;0;0;0;0;3;1;1;9;1;1;19.54447328230484;-92.8980755424068;15Q;0.12065092166218506;3.878978478448782;124.71080891033722;1.6748340359873142;9.924170847534478;3.1356809348587147;7.351060550726105;14.252593683990257;14.00349986639513;28.178778698386676;18.190011486606696;-28.48599350395262;0.10076408552039752;32.15042558323488;2.9870468356059443;8.922448798103487;-37.145393;-12.624613;-18.037004743303573;-17.578411;-0.1656065892378787;2.351202829152883;5.528154743816521;-28.75362;-9.04403;-14.744730864537445;-14.533087;-0.1594605456521259;3.292273878766128;0.515686650067037;DIFF;301045.0;DIFF;0.81747127;0.816676;0.120650921662;3.87897847845;SEEPAGE SLICK
02 S1A_IW_GRDH_1SDV_20200210T001540_NR_Orb_Cal_TC.tif;2;OS03003GXS1;SENTINEL-1;IW;IMG_02_WIN_009;IMG_02_WIN_009;800;600;800;600;1;1;800;600;0;0;0;0;0;9;1;1;9;1;1;19.283619499530186;-92.98353218604805;15Q;0.09607133466250674;2.8242629997456343;83.02644612727694;1.0530450339282063;6.607034654254537;3.100145496330619;7.2784851760275044;13.265283951108739;12.896387197338544;-25.99492949148853;-16.581826023345418;-26.530324073307977;0.1513538300205614;29.39756181869559;3.0105582628432925;9.063461053974024;-31.11876;-13.364735;-18.67506980895996;-18.366405;-0.1612073364994267;2.4596452521005316;6.0498547661806885;-24.557064;-9.15802;-15.007524449190647;-14.829378;-0.16389413593347035;3.6675453597693135;0.5466782823741008;DIFF;119325.5;DIFF;0.8036127;0.8039547;0.0960713346626;2.82426299975;SEEPAGE SLICK
02 S1A_IW_GRDH_1SDV_20200210T001540_NR_Orb_Cal_TC.tif;3;SP00101GXS1;SENTINEL-1;IW;IMG_02_WIN_007;IMG_02_WIN_007;800;600;800;600;1;1;800;600;0;0;0;0;0;7;1;1;9;7;7;19.394136501783272;-92.04909251351864;15Q;0.6815985680057243;9.492618641207917;132.2036355373494;0.645822402590602;10.520431045244258;3.072102381737687;7.270795529863975;13.545466475846228;12.531730909227527;-25.77788296373651;-16.372703885176414;25.67571461482803;0.09505313952435894;13.926993228554135;3.8110960212840084;14.5244528834468;-41.48661;-15.4482765;-23.687506449504678;-23.209457;-0.16089055339819025;4.103902331411066;16.842014345761186;-39.408707;7.2303786;-17.787257090336134;-18.122501;-0.23072148283282687;5.900249359168544;0.614398979184409;DIFF;4.025132e+06;DIFF;0.7509131;0.7608556;0.681598568006;9.49261864122;OIL SPILL
02 S1A_IW_GRDH_1SDV_20200210T001540_NR_Orb_Cal_TC.tif;4;SP00102GXS1;SENTINEL-1;IW;IMG_02_WIN_007;IMG_02_WIN_007;800;600;800;600;1;1;800;600;0;0;0;0;0;7;1;1;9;7;7;19.34728609391036;-92.05198983656707;15Q;0.06528965537083373;1.5818752868015442;38.32658341938976;0.7070335916038974;3.0499326015098784;3.063863777133753;7.250324368686727;13.134255687356829;12.454395956324383;-25.403469097255382;-16.088414946910465;-25.39508537046829;0.32787609782096394;24.228574615944463;3.1492893716394836;9.918023546321415;-35.13867;-16.601385;-22.441741592582616;-21.750755;-0.1403317723202186;2.4563513530906538;6.033661969830286;-30.026588;-13.110279;-18.7923778589221;-18.425838;-0.13070998101096856;3.6493637336605147;0.5492253873063468;DIFF;40316.0;DIFF;0.83738506;0.8363136;0.0652896553708;1.5818752868;OIL SPILL
02 S1A_IW_GRDH_1SDV_20200210T001540_NR_Orb_Cal_TC.tif;5;SP00103GXS1;SENTINEL-1;IW;IMG_02_WIN_007;IMG_02_WIN_007;800;600;800;600;1;1;800;600;0;0;0;0;0;7;1;1;9;7;7;19.36411511888792;-92.00920344388186;15Q;0.1508298680663965;3.6765073090802156;89.6155792417062;0.6217622650800123;7.131381207180493;3.098215432053844;7.311160469341996;14.221250458192971;14.302949448581835;-29.793474233737307;-18.2590460314732;-28.565809140529016;0.1402252902976373;24.375194092603646;3.9699364908778585;15.760395741603604;-56.399128;-16.049742;-22.966551519745025;-22.217834;-0.1728573176284122;2.773732774392551;7.693593503739398;-32.023018;-7.5110717;-19.037904038761706;-18.860296;-0.14569528078012964;3.9286474809833187;0.5003157987378405;DIFF;317830.0;DIFF;0.8289404;0.82545084;0.150829868066;3.67650730908;OIL SPILL
02 S1A_IW_GRDH_1SDV_20200210T001540_NR_Orb_Cal_TC.tif;6;SP00104GXS1;SENTINEL-1;IW;IMG_02_WIN_007;IMG_02_WIN_007;800;600;800;600;1;1;800;600;0;0;0;0;0;7;1;1;9;7;7;19.361711997081365;-92.0371409455546;15Q;0.05853093109529504;1.4685794396327103;36.84762108090387;0.5506076951849187;2.9322405181014894;3.0616207055794233;7.262274240498984;12.714612014913728;11.844473787288738;24.378592987284428;15.627563967165871;24.204476712806965;0.34103614414531747;25.09065569522028;3.9892618900246215;15.914210427202814;-41.46165;-16.473295;-23.6737545698117;-22.869602;-0.1685098947131795;2.5709847395414727;6.6099625309551335;-36.318104;-14.688933;-19.19719944230045;-18.90723;-0.13392498980223047;4.476555127511247;0.6322211924621564;DIFF;22505.0;DIFF;0.8109064;0.80677205;0.0585309310952;1.46857943963;OIL SPILL
02 S1A_IW_GRDH_1SDV_20200210T001540_NR_Orb_Cal_TC.tif;7;SP00105GXS1;SENTINEL-1;IW;IMG_02_WIN_007;IMG_02_WIN_007;800;600;800;600;1;1;800;600;0;0;0;0;0;7;1;1;9;7;7;19.337615266544102;-92.01420861422702;15Q;0.11257717481113018;4.766008738996285;201.77126791729725;0.746759034454011;16.05644733147851;3.1516876330954493;7.407959103859655;14.60671771760243;13.808986666674002;28.08361338185364;17.76683399994623;28.305442983078045;0.062280277782215857;42.335480056167505;3.019659147285705;9.11834136578623;-42.377167;-16.158096;-21.857340494791668;-21.390491;-0.13815309085774877;2.565924985115686;6.5839710292409315;-42.025623;-11.625054;-18.991567747539086;-18.761679;-0.1351086450168484;2.8657727472525814;0.4431248793669176;DIFF;1.223136e+06;DIFF;0.8688874;0.8685327;0.112577174811;4.76600873899;OIL SPILL
02 S1A_IW_GRDH_1SDV_20200210T001540_NR_Orb_Cal_TC.tif;8;SP00106GXS1;SENTINEL-1;IW;IMG_02_WIN_008;IMG_02_WIN_008;800;600;800;600;1;1;800;600;0;0;0;0;0;8;1;1;9;3;3;19.296416075087706;-92.19723245192002;15Q;8.470879214592985;44.31324455211464;231.81343907639098;0.46558726184866495;18.447127352069778;3.123288340218583;7.3728718376036735;13.900918514102521;13.008758933370878;-26.505926714407813;-16.75997270925895;-26.839476349556183;0.05420898229380953;5.231245001790978;4.384390257400139;19.222877929185263;-63.378796;-14.517583;-25.20881424457244;-24.8742;-0.17392290707779387;3.3379831037773324;11.142131201102954;-51.67675;16.524923;-17.97129139490185;-17.7738;-0.1857397462668855;7.23752284967059;0.7223161883663125;DIFF;1.3374012e+09;DIFF;0.7128972;0.71436614;8.47087921459;44.3132445521;OIL SPILL
02 S1A_IW_GRDH_1SDV_20200210T001540_NR_Orb_Cal_TC.tif;9;SP00107GXS1;SENTINEL-1;IW;IMG_02_WIN_008;IMG_02_WIN_008;800;600;800;600;1;1;800;600;0;0;0;0;0;8;1;1;9;3;3;19.26076912101369;-92.21578622037246;15Q;0.02852989476668061;1.6638120112781667;97.03051593819742;0.19108411862574726;7.721443121160528;3.156490968730798;7.432276206875616;15.514424028304306;14.488013439456875;-29.491529979694825;-19.190756160210114;-30.478100507879454;0.12950946918970513;58.31819657537936;3.1975560117405855;10.224364448218358;-36.07739;-17.689594;-22.306793212890625;-21.863224;-0.14334449516001185;3.0364740921671194;9.220174912402133;-38.23507;-11.586094;-18.626385356104652;-18.17804;-0.1630200403414256;3.6804078567859726;0.5759311068368596;DIFF;76357.0;DIFF;0.83500946;0.8374719;0.0285298947667;1.66381201127;OIL SPILL
02 S1A_IW_GRDH_1SDV_20200210T001540_NR_Orb_Cal_TC.tif;10;SP00108GXS1;SENTINEL-1;IW;IMG_02_WIN_008;IMG_02_WIN_008;800;600;800;600;1;1;800;600;0;0;0;0;0;8;1;1;9;3;3;19.236584365804934;-92.27087561950259;15Q;0.15055085029024207;5.027530077840382;167.8905076581157;0.5871917189956622;13.36030209599841;3.1308086779902795;7.390612714543434;13.42248515859357;12.336193822965466;25.217196368322316;16.036976365547343;26.2742882171932;0.07484860692629948;33.394232368319216;3.472164714403179;12.05592780394651;-38.626385;-16.35598;-22.346044069513717;-21.7748;-0.15538162833663197;2.965424476419914;8.793742325350319;-38.159237;-11.993228;-18.500265923156267;-18.123068;-0.16029091088405248;3.84577814635745;0.4997627128671359;DIFF;636351.0;DIFF;0.82789886;0.82852507;0.15055085029;5.02753007785;OIL SPILL
02 S1A_IW_GRDH_1SDV_20200210T001540_NR_Orb_Cal_TC.tif;11;SP00109GXS1;SENTINEL-1;IW;IMG_02_WIN_005;IMG_02_WIN_005;800;600;800;600;1;1;800;600;0;0;0;0;0;5;1;1;9;1;1;19.491499479165267;-92.36605870313598;15Q;1.104314780585973;27.805573055753758;700.1173094401667;0.14810462780898706;55.713565270800295;3.1573399723194386;7.4313196624476685;17.164124515444918;14.753104574960815;-30.77374226131018;18.967029504752304;31.014093325675887;0.017948950047253644;25.179028248629912;3.252442263979851;10.578380680522379;-48.486694;-13.432518;-21.334516081126953;-20.857737;-0.15244977910968616;2.704686742083773;7.315330372803734;-50.49299;-10.651952;-17.95962766139522;-17.614185;-0.15059815231568421;3.3748884197317324;0.4639318648244564;DIFF;6.944208e+07;DIFF;0.8418109;0.8415801;1.10431478059;27.8055730558;OIL SPILL
02 S1A_IW_GRDH_1SDV_20200210T001540_NR_Orb_Cal_TC.tif;12;SP00110GXS1;SENTINEL-1;IW;IMG_02_WIN_002;IMG_02_WIN_002;800;600;800;600;1;1;800;600;0;0;0;0;0;2;1;1;9;7;7;19.522481529084782;-92.19281844516972;15Q;0.13905356566422183;3.1761548816965304;72.54729344290601;1.139387844097187;5.773130179688369;3.118240114967816;7.3107302593373955;13.273141126332998;12.868922726720632;-26.460365585279874;-16.85477690520339;-25.96067955752442;0.1732162568442168;22.841232920025348;4.244879592264469;18.019002752823358;-41.218925;-16.88415;-23.864407850404312;-22.892614;-0.17787491811545417;3.059130890647099;9.358281806111313;-40.714184;0.48222354;-18.154086763330216;-17.913546;-0.16850921395981733;5.710321087074096;0.6116581231924437;DIFF;353561.0;DIFF;0.7607181;0.75952107;0.139053565664;3.1761548817;OIL SPILL
02 S1A_IW_GRDH_1SDV_20200210T001540_NR_Orb_Cal_TC.tif;13;SP00111GXS1;SENTINEL-1;IW;IMG_02_WIN_002;IMG_02_WIN_002;800;600;800;600;1;1;800;600;0;0;0;0;0;2;1;1;9;7;7;19.55757797818057;-92.19590875340836;15Q;0.24057497935197908;7.191283330239431;214.96232099896505;0.5810453542371989;17.106157982746012;3.1412952369704565;7.398001558989724;13.990001008873223;13.204575806128343;-26.804550398106326;-17.008186244676523;27.757015161599284;0.05845848033255872;29.892066704568013;3.7404266099665233;13.990791224545658;-66.00681;-15.26949;-22.315554419781932;-21.730587;-0.16761522208252957;2.841241572711962;8.072653674506743;-41.79777;-11.373428;-18.784120088751497;-18.484898;-0.1512576346023993;3.531434331030436;0.4980062056770637;DIFF;2.617759e+06;DIFF;0.84175014;0.839612;0.240574979352;7.19128333024;OIL SPILL
02 S1A_IW_GRDH_1SDV_20200210T001540_NR_Orb_Cal_TC.tif;14;SP00112GXS1;SENTINEL-1;IW;IMG_02_WIN_002;IMG_02_WIN_002;800;600;800;600;1;1;800;600;0;0;0;0;0;2;1;1;9;7;7;19.559995699263784;-92.28492976310727;15Q;0.17611293611584708;6.106703949536257;211.7495395270178;0.2052999675037524;16.85049295657878;3.151581416201064;7.42386455394382;16.029360954290283;14.003714588946663;29.85756710888736;17.80442276020121;29.024894937662822;0.059345444823296956;34.67493123571154;3.6693925906384846;13.464441984232609;-41.83647;-16.021345;-22.686143201462766;-22.063206;-0.16174598555835124;3.1587019690657225;9.977398129379672;-40.942417;-11.120198;-19.311202162129117;-18.875422;-0.16356837562708557;3.374941039333649;0.45920956787768213;DIFF;1.132691e+06;DIFF;0.8512333;0.8514792;0.176112936116;6.10670394953;OIL SPILL
02 S1A_IW_GRDH_1SDV_20200210T001540_NR_Orb_Cal_TC.tif;15;SP00113GXS1;SENTINEL-1;IW;IMG_02_WIN_002;IMG_02_WIN_002;800;600;800;600;1;1;800;600;0;0;0;0;0;2;1;1;9;7;7;19.567750030125815;-92.2499054753053;15Q;0.3091240492534988;8.547487994085571;236.34379526752417;0.3719188815796598;18.80764164296269;3.1359371497189645;7.399258316111112;14.858224575855063;13.316995816826308;28.360779169556885;17.14400825996595;27.407279504318428;0.05316987738195092;27.65067297328316;3.3986852219848807;11.551061238138416;-40.51443;-15.118857;-22.700350378787878;-22.18853;-0.14971950499762987;3.633842185381476;13.20480902825802;-43.781693;11.800525;-18.430506147840045;-18.29;-0.1971645355929274;4.269844230947832;0.5308772488457252;DIFF;2.358452e+06;DIFF;0.811904;0.8184125;0.309124049253;8.54748799409;OIL SPILL
02 S1A_IW_GRDH_1SDV_20200210T001540_NR_Orb_Cal_TC.tif;16;SP00114GXS1;SENTINEL-1;IW;IMG_02_WIN_002;IMG_02_WIN_002;800;600;800;600;1;1;800;600;0;0;0;0;0;2;1;1;9;7;7;19.524377031656336;-92.18212390907757;15Q;0.03335764377961964;1.122240576819128;37.75518200805277;0.9914945720929528;3.004461921957895;3.08518352953632;7.2381179882583435;15.907653820196353;14.096154777187294;29.199893127012825;-18.097876593394705;-29.311420532212605;0.33283830049286744;33.64268124671257;4.641949680552472;21.547696836781192;-56.22327;-17.1867;-22.816828695575843;-21.705347;-0.20344412198933415;2.4927629648204097;6.213867198780239;-26.240381;-13.555725;-18.601190630173843;-18.496355;-0.13401093587938318;4.2156380654020005;0.5651462162363271;DIFF;11414.0;DIFF;0.81524014;0.80601674;0.0333576437796;1.12224057682;OIL SPILL
02 S1A_IW_GRDH_1SDV_20200210T001540_NR_Orb_Cal_TC.tif;17;SP00115GXS1;SENTINEL-1;IW;IMG_02_WIN_002;IMG_02_WIN_002;800;600;800;600;1;1;800;600;0;0;0;0;0;2;1;1;9;7;7;19.58881812995478;-92.22015885776236;15Q;0.41286722798352155;12.02845844636966;350.43666047966457;0.24304650848218326;27.88686337797743;3.152179763969592;7.42794257939998;15.240590800646562;15.269509737493275;-30.753939783327862;-19.1144327768794;30.61734584748124;0.035859178081308035;29.13396276356849;3.343838565780163;11.181256353998737;-43.482307;-15.635404;-22.364472266333937;-21.855637;-0.14951564812078155;3.1041542443100396;9.635773572468032;-53.64752;13.52998;-18.77563772094269;-18.473078;-0.16532883145948268;3.588834545391247;0.47408412614936857;DIFF;8.31442e+06;DIFF;0.83952975;0.84157145;0.412867227983;12.0284584464;OIL SPILL
02 S1A_IW_GRDH_1SDV_20200210T001540_NR_Orb_Cal_TC.tif;18;SP00116GXS1;SENTINEL-1;IW;IMG_02_WIN_002;IMG_02_WIN_002;800;600;800;600;1;1;800;600;0;0;0;0;0;2;1;1;9;7;7;19.58919385033845;-92.25800509311271;15Q;0.14985842028174706;6.25898355405206;261.4125723215414;0.41436508344345674;20.80255153567045;3.1566315090825983;7.439236171110158;15.810620507192407;13.872254902814587;-29.512833212515886;17.888484926646846;-28.719238962719086;0.04807102620490015;41.765978463436475;3.4931224534460403;12.201904474768883;-37.15291;-15.819219;-22.39144775390625;-21.704216;-0.15600252792214633;2.894386475912319;8.37747307194413;-46.721924;-10.344849;-18.198872647494184;-17.842394;-0.15904207540629442;4.192575106412065;0.5453663565235779;DIFF;3.19088e+06;DIFF;0.81276006;0.8131398;0.149858420282;6.25898355404;OIL SPILL
02 S1A_IW_GRDH_1SDV_20200210T001540_NR_Orb_Cal_TC.tif;19;SP00117GXS1;SENTINEL-1;IW;IMG_02_WIN_001;IMG_02_WIN_001;800;600;800;600;1;1;800;600;0;0;0;0;0;1;1;1;9;3;3;19.60783301390306;-92.33902120091804;15Q;0.0820356605585747;1.7414874670553881;36.969027582164;1.1017520548739919;2.941901740501011;3.08198206937941;7.233715876700126;13.625162595572386;12.744210891973918;25.99344473538062;16.63434804918611;-26.223811121255324;0.33991617946753666;21.228420118735315;3.578994537665677;12.809201900640755;-35.802532;-17.491055;-23.972718678652967;-23.836588;-0.14929447867974488;3.204770342803136;10.27055295011053;-42.010864;-5.593201;-18.861489305218445;-18.463203;-0.16991077909825847;5.111229373434522;0.5697122844349869;DIFF;58843.0;DIFF;0.7867898;0.7893181;0.0820356605586;1.74148746706;OIL SPILL
02 S1A_IW_GRDH_1SDV_20200210T001540_NR_Orb_Cal_TC.tif;20;SP00118GXS1;SENTINEL-1;IW;IMG_02_WIN_001;IMG_02_WIN_001;800;600;800;600;1;1;800;600;0;0;0;0;0;1;1;1;9;3;3;19.637080428516835;-92.36737793202903;15Q;0.06291966511698263;2.6287305394964613;109.82614475829783;0.23262909150001237;8.739686909504575;3.151637913939671;7.435759037418242;15.181433244213224;13.905286987967527;29.479698684226452;17.721426073902766;28.450537444931214;0.11442057482774136;41.77915655795411;3.004076281532787;9.024474305267855;-31.449228;-15.068239;-22.272045317150297;-21.816708;-0.13488102411589192;2.93486251877721;8.613418004123309;-37.23188;-0.6896665;-19.141056231207045;-18.84185;-0.15332813839145887;3.130989085943252;0.4363647520864016;DIFF;154544.0;DIFF;0.8594206;0.8616615;0.062919665117;2.6287305395;OIL SPILL
02 S1A_IW_GRDH_1SDV_20200210T001540_NR_Orb_Cal_TC.tif;21;SP00119GXS1;SENTINEL-1;IW;IMG_02_WIN_006;IMG_02_WIN_006;800;600;800;600;1;1;800;600;0;0;0;0;0;6;1;1;9;2;2;19.450313563702863;-92.08808817069034;15Q;0.04349875616608636;1.7026390592908607;66.64511865934792;0.6856744501685593;5.303450033790565;3.067633018849502;7.275180390984717;12.654582480262755;11.962982714771321;24.314092189046363;15.646731642547111;-24.647654136291454;0.18855650446946218;39.14224702862462;2.8463724714793917;8.101836246395699;-31.417227;-17.049156;-21.982099861934266;-21.62244;-0.12948592215288623;3.1902745608259004;10.177851773452891;-34.28247;-12.492822;-19.295550057057586;-18.85701;-0.16533732137161947;2.6865498048766803;0.4672607516466486;DIFF;15799.0;DIFF;0.87778467;0.88233536;0.0434987561661;1.70263905929;OIL SPILL
02 S1A_IW_GRDH_1SDV_20200210T001540_NR_Orb_Cal_TC.tif;22;SP00120GXS1;SENTINEL-1;IW;IMG_02_WIN_007;IMG_02_WIN_007;800;600;800;600;1;1;800;600;0;0;0;0;0;7;1;1;9;7;7;19.41467574512882;-92.05447190356804;15Q;0.0405082250828155;1.4326272974297076;50.66677123336691;0.7786896409727416;4.031933546148295;3.0710113653823354;7.220935728802369;12.749050095016301;12.153710022103514;24.989306843180707;15.811738870048659;-24.64566566036195;0.24801996078415028;35.36633102291762;3.649150755905897;13.316301239328581;-36.233273;-16.680687;-22.21042209201389;-21.390339;-0.1642990277621967;2.8603829898562605;8.181790848659041;-27.75196;-12.966608;-19.23095274808114;-19.185356;-0.14873849607589873;2.979469343932749;0.38011695906432746;DIFF;18210.0;DIFF;0.8658527;0.86379695;0.0405082250829;1.43262729743;OIL SPILL
02 S1A_IW_GRDH_1SDV_20200210T001540_NR_Orb_Cal_TC.tif;23;SP00121GXS1;SENTINEL-1;IW;IMG_02_WIN_004;IMG_02_WIN_004;800;600;800;600;1;1;800;600;0;0;0;0;0;4;1;1;9;1;1;19.509174391498945;-91.9784763274931;15Q;0.3227696052227279;4.725935522550635;69.19631279374649;0.7182170057293984;5.506467612428856;3.0425057451534303;7.179909255858629;13.506234673280634;12.563431556414091;25.64731550259769;16.17207384975319;-25.945382589440577;0.18160462757337612;14.64182328843973;3.728671676679751;13.902992472473787;-40.83603;-15.819192;-23.037177428135887;-22.35846;-0.16185453657729051;2.5649129530081276;6.578778456508873;-32.45797;-13.021718;-19.500030048076923;-19.218822;-0.13153379490618156;3.537147380058965;0.4597587778075583;DIFF;668310.0;DIFF;0.8464594;0.8427823;0.322769605223;4.72593552255;OIL SPILL
04 S1A_IW_GRDH_1SDV_20200609T001544_NR_Orb_Cal_TC.tif;0;OS03004GXS1;SENTINEL-1;IW;IMG_04_WIN_004;IMG_04_WIN_004;800;600;800;600;1;1;800;600;0;0;0;0;0;4;1;1;13;3;3;19.443380978645155;-91.96512500793612;15Q;21.117891408983773;199.4325685361298;1883.3958666914114;0.9473401458442854;149.87588099139126;3.1390221144316937;7.365815847261159;14.264836087208494;14.545373312638288;29.420833501449085;-18.374946230466634;28.976915011358816;0.006672187635430408;9.443772802586203;4.388221442273158;19.256487426425917;-71.72333;-17.854572;-28.80649529390872;-28.06989;-0.15233444393358986;3.251164621563653;10.570071396507133;-62.453514;20.95669;-21.10830992472629;-20.705336;-0.15402297167122966;7.698185369182433;0.7540394323947142;DIFF;2.0291502e+10;DIFF;0.73276216;0.7329474;21.117891409;199.432568536;SEEPAGE SLICK
04 S1A_IW_GRDH_1SDV_20200609T001544_NR_Orb_Cal_TC.tif;1;OS03005GXS1;SENTINEL-1;IW;IMG_04_WIN_003;IMG_04_WIN_003;800;600;800;600;1;1;800;600;0;0;0;0;0;3;1;1;13;1;1;19.57041557216132;-92.89768755342118;15Q;0.3723856980411332;10.878068580854972;317.76831567981776;2.174054414443915;25.287199099214416;3.1546515315842885;7.399324166693002;14.539845450637326;14.564687216703359;-29.12177631085552;-18.2680757541529;29.946089778661158;0.03954570041848037;29.211832350375058;2.748440695734702;7.553926257970652;-29.473686;-10.740165;-16.989214584381287;-16.698044;-0.16177561841272103;2.399083893098961;5.755603526126867;-40.579853;-6.884797;-14.078325976978535;-13.847904;-0.17040974168534262;2.910888607402752;0.4466492548606401;DIFF;9.654392e+06;DIFF;0.8286626;0.82981986;0.372385698041;10.8780685808;SEEPAGE SLICK
04 S1A_IW_GRDH_1SDV_20200609T001544_NR_Orb_Cal_TC.tif;2;OS03006GXS1;SENTINEL-1;IW;IMG_04_WIN_009;IMG_04_WIN_009;800;600;800;600;1;1;800;600;0;0;0;0;0;9;1;1;13;1;1;19.292583685347125;-92.97920522667205;15Q;0.36062348415008977;8.196571188573367;186.2989577833191;3.68499275177012;14.825200012041782;3.15139191380457;7.389553321929464;14.091121996177739;13.960866362320457;-28.004548633643445;-17.665874229900453;28.540181219732325;0.0674527155915434;22.728889129034073;3.1294253198173396;9.79330283231386;-34.76942;-10.620208;-17.63713945434443;-17.130846;-0.17743383658774045;2.5306848418388146;6.404365768712746;-26.971237;-6.3866806;-14.018930370852756;-13.806982;-0.1805191105806795;3.618209083491676;0.5050792249527573;DIFF;2.906269e+06;DIFF;0.79485273;0.7952782;0.36062348415;8.19657118858;SEEPAGE SLICK
04 S1A_IW_GRDH_1SDV_20200609T001544_NR_Orb_Cal_TC.tif;3;OS03007GXS1;SENTINEL-1;IW;IMG_04_WIN_010;IMG_04_WIN_010;800;600;800;600;1;1;800;600;0;0;0;0;0;10;1;1;13;1;1;19.214223444054007;-92.7263167120462;15Q;0.6893106291927201;24.002621690912957;835.8000350463327;0.6124281647993732;66.5108535070016;3.137977768042717;7.384660174827986;13.733236543971389;13.572049877369892;-27.2463295336792;-17.301491357288047;27.736205690295822;0.015035140090252036;34.82119769286513;2.575505350558802;6.633227810757018;-32.045547;-10.328262;-17.610366455610023;-17.276917;-0.14624938992898354;2.3985203785311304;5.752900006229118;-29.979082;-7.607792;-14.776739139294156;-14.580693;-0.16231729855425336;2.8336273163158676;0.4516419866141546;DIFF;1.8030592e+07;DIFF;0.8390932;0.8411273;0.689310629193;24.0026216909;SEEPAGE SLICK
04 S1A_IW_GRDH_1SDV_20200609T001544_NR_Orb_Cal_TC.tif;4;SP00122GXS1;SENTINEL-1;IW;IMG_04_WIN_006;IMG_04_WIN_006;800;600;800;600;1;1;800;600;0;0;0;0;0;6;1;1;13;7;7;19.40985484537889;-92.05769605866674;15Q;0.8495698204551064;9.460550282251006;105.34980114412988;2.2295338344483366;8.383470802918241;3.119408727365652;7.317107559559743;14.099422685497528;13.88298192938862;-28.087492357876982;-17.982721816878673;-27.97605020665772;0.11928233824729315;11.135694859291352;4.30454917477026;18.529143598015327;-47.548164;-16.900396;-25.38648937637969;-24.678566;-0.16956063167896443;2.860055260913172;8.179916095477113;-44.17441;-11.818187;-20.87341814266357;-20.601063;-0.1370190182252638;4.5130712337161185;0.5057864334556307;DIFF;4.8875875e+06;DIFF;0.8222254;0.81822884;0.849569820455;9.46055028226;OIL SPILL
04 S1A_IW_GRDH_1SDV_20200609T001544_NR_Orb_Cal_TC.tif;5;SP00123GXS1;SENTINEL-1;IW;IMG_04_WIN_007;IMG_04_WIN_007;800;600;800;600;1;1;800;600;0;0;0;0;0;7;1;1;13;2;2;19.37893857698346;-91.99964945201381;15Q;0.20821782874096242;4.002593606357008;76.94228527174272;1.6354756336658318;6.122872516892294;3.1321546675415997;7.337276760918185;13.761161070338659;13.172928825580486;-26.647291202211182;-16.84872438008431;-27.37982012265615;0.1633220350809389;19.223107024790444;4.660170576026146;21.71718979765986;-48.910538;-17.955776;-26.37204567849099;-25.774925;-0.1767087253237611;2.856405913153399;8.159054740697703;-44.922016;-14.416627;-20.947780194014893;-20.672253;-0.1363584058405157;5.4242654844760985;0.5743289681434012;DIFF;837966.5;DIFF;0.79431766;0.78943753;0.208217828741;4.00259360635;OIL SPILL
04 S1A_IW_GRDH_1SDV_20200609T001544_NR_Orb_Cal_TC.tif;6;SP00124GXS1;SENTINEL-1;IW;IMG_04_WIN_006;IMG_04_WIN_006;800;600;800;600;1;1;800;600;0;0;0;0;0;6;1;1;13;7;7;19.396352365863045;-92.05173921334355;15Q;0.24907816625179313;10.031004254295754;403.97377202456875;1.1638626870848794;32.147211348594276;3.1380220394038574;7.359728758478449;13.991782372574361;13.819558305239058;28.205021873537746;17.52243205564435;27.750473208497283;0.031106897240831058;40.27251527199462;3.536989846056219;12.510297171104796;-44.266933;-16.899784;-24.39940082596009;-23.657457;-0.14496215998439554;2.9408565353397145;8.648637161450308;-43.14936;-11.818187;-20.9943559421423;-20.603445;-0.14007843553021254;3.4050448838177907;0.45226017439578486;DIFF;2.02132e+06;DIFF;0.86044556;0.85985875;0.249078166252;10.0310042543;OIL SPILL
04 S1A_IW_GRDH_1SDV_20200609T001544_NR_Orb_Cal_TC.tif;7;SP00125GXS1;SENTINEL-1;IW;IMG_04_WIN_006;IMG_04_WIN_006;800;600;800;600;1;1;800;600;0;0;0;0;0;6;1;1;13;7;7;19.421698416123228;-92.03032720281367;15Q;2.4859285603888854;38.04723768885787;582.314519740661;1.3538847201938617;46.33911712545464;3.150566835047331;7.389683176512391;14.318027475701006;14.123550879308251;28.375823353696852;17.83344792404087;-28.779228600867448;0.021580039975571477;15.305040657687268;4.325237789418036;18.70768193500982;-54.824677;-16.260887;-26.89642426071213;-26.723927;-0.16081088502667445;4.1452895047697975;17.18342507835463;-56.749344;15.839504;-20.229822084946402;-20.09283;-0.20490983496362175;6.666602175765728;0.6399451271118768;DIFF;4.2599936e+08;DIFF;0.752138;0.75802726;2.48592856039;38.0472376889;OIL SPILL
04 S1A_IW_GRDH_1SDV_20200609T001544_NR_Orb_Cal_TC.tif;8;SP00126GXS1;SENTINEL-1;IW;IMG_04_WIN_013;IMG_04_WIN_013;800;600;800;600;1;1;800;600;0;0;0;0;0;13;1;1;13;6;6;19.486224968725182;-92.06326099756255;15Q;0.23994406355357337;5.384913173650374;120.85020757881342;6.017584212815413;9.616953954924895;3.1580213066645157;7.407095466615914;14.606341714106872;14.603470783214764;-30.072224683085594;-18.784283304081967;29.212480547264853;0.10398302879342523;22.442368833384624;4.876546879166249;23.780709464706085;-51.005066;-18.194506;-26.002340698242186;-25.22847;-0.18754261148097004;2.8464088921685673;8.10204358141629;-46.03004;-12.709925;-19.811264067524117;-19.400097;-0.14367628852288036;6.191076630718069;0.6546573553054662;DIFF;3.606526e+06;DIFF;0.7619031;0.75653726;0.239944063554;5.38491317365;OIL SPILL
04 S1A_IW_GRDH_1SDV_20200609T001544_NR_Orb_Cal_TC.tif;9;SP00127GXS1;SENTINEL-1;IW;IMG_04_WIN_013;IMG_04_WIN_013;800;600;800;600;1;1;800;600;0;0;0;0;0;13;1;1;13;6;6;19.45133532853852;-92.02455646854557;15Q;0.298874479139193;10.623853852546231;377.63769929548545;1.0397931484178702;30.051453270363634;3.143345475722454;7.377747591384434;13.910018087627332;13.823072089469095;27.70730263515959;17.744567436474;28.242968906651978;0.03327626091834259;35.54620616368669;3.6138633317194304;13.060008180346262;-40.214146;-17.983854;-24.948907524309913;-24.263727;-0.1448505642260338;2.9275741965817823;8.570690676491468;-40.704746;-13.2715645;-20.218768790085516;-19.89336;-0.14479487979591263;4.730138734224397;0.5867190030492487;DIFF;5.185788e+06;DIFF;0.810407;0.8104006;0.298874479139;10.6238538525;OIL SPILL
04 S1A_IW_GRDH_1SDV_20200609T001544_NR_Orb_Cal_TC.tif;10;SP00128GXS1;SENTINEL-1;IW;IMG_04_WIN_013;IMG_04_WIN_013;800;600;800;600;1;1;800;600;0;0;0;0;0;13;1;1;13;6;6;19.43495941421987;-92.06452008900825;15Q;0.027377090372176192;1.1582633821031818;49.00352974268464;0.7276936743556545;3.8995769937494877;3.15080900205424;7.4044491153454715;13.27902495217147;13.04029767571102;26.704710804357948;16.846242916135044;26.222316117476858;0.2564380704888939;42.30776047992101;2.763548820239361;7.637202081846363;-35.28034;-18.950405;-24.204755391160102;-23.859947;-0.11417379666016561;2.9302957565465024;8.586633220834438;-35.651505;-11.941154;-19.80762294650379;-19.516752;-0.14793777953369835;4.397132444656311;0.6597615722842206;DIFF;75691.0;DIFF;0.818336;0.82190275;0.0273770903722;1.1582633821;OIL SPILL
04 S1A_IW_GRDH_1SDV_20200609T001544_NR_Orb_Cal_TC.tif;11;SP00129GXS1;SENTINEL-1;IW;IMG_04_WIN_013;IMG_04_WIN_013;800;600;800;600;1;1;800;600;0;0;0;0;0;13;1;1;13;6;6;19.468134156293054;-92.0095787710246;15Q;0.07461789051238958;2.7996390835227265;105.04155161940086;2.303598041349769;8.358941085135065;3.1322133328703483;7.3418435518091405;13.904816577787056;13.575539623797578;27.46801926553899;17.552615607192806;27.464460757931985;0.11963237805065136;37.5196761031173;3.8378018050062197;14.728722694508997;-39.500423;-18.21385;-25.780283252198494;-25.52356;-0.1488657734076269;3.5350973986044125;12.496913617619686;-39.38675;3.443488;-20.67267103981069;-20.526722;-0.1710034175940133;5.107612212387803;0.5826123938176405;DIFF;77274.0;DIFF;0.80187905;0.8046519;0.0746178905123;2.79963908352;OIL SPILL
04 S1A_IW_GRDH_1SDV_20200609T001544_NR_Orb_Cal_TC.tif;12;SP00130GXS1;SENTINEL-1;IW;IMG_04_WIN_004;IMG_04_WIN_004;800;600;800;600;1;1;800;600;0;0;0;0;0;4;1;1;13;3;3;19.5188071021398;-91.99456228155306;15Q;0.6147579750643929;13.472715467105644;295.26101233347146;1.99179723849585;23.496124807594526;3.145250282721009;7.376023288849824;14.07317994418764;14.03342454582444;-28.088076787411072;-17.729528085599664;29.190612262999974;0.04256020974474801;21.915478958519316;4.586186497311491;21.033106588122244;-49.421665;-17.353678;-26.31763290777439;-25.676392;-0.17426287969677942;2.901839565959909;8.420672866570392;-44.809856;-6.458605;-20.606508673158856;-20.29809;-0.1408215050878424;5.711124234615532;0.6048813888930125;DIFF;1.193956e+07;DIFF;0.7829925;0.7789787;0.614757975065;13.4727154671;OIL SPILL
04 S1A_IW_GRDH_1SDV_20200609T001544_NR_Orb_Cal_TC.tif;13;SP00131GXS1;SENTINEL-1;IW;IMG_04_WIN_002;IMG_04_WIN_002;800;600;800;600;1;1;800;600;0;0;0;0;0;2;1;1;13;4;4;19.627490143889414;-92.18850313127544;15Q;3.8917785348236755;28.71665905487414;211.89451041341104;3.3350834950958608;16.86202937316573;3.147294937998527;7.380396527628079;15.755927813518174;15.30927666595429;-31.5589438113008;19.267166636723587;30.850021096080983;0.05930484272500452;7.378800925570962;4.895787522941342;23.968735469788122;-68.57785;-15.089051;-25.30509805101059;-24.915943;-0.19347040319987313;2.794231550305949;7.807729956725187;-45.064972;7.8145423;-18.50415004985045;-18.166218;-0.15100566860829862;6.80094800116014;0.6728016463922317;DIFF;2.861781e+08;DIFF;0.73124206;0.72606826;3.89177853482;28.7166590549;OIL SPILL
04 S1A_IW_GRDH_1SDV_20200609T001544_NR_Orb_Cal_TC.tif;14;SP00132GXS1;SENTINEL-1;IW;IMG_04_WIN_002;IMG_04_WIN_002;800;600;800;600;1;1;800;600;0;0;0;0;0;2;1;1;13;4;4;19.631208831928358;-92.23149566168144;15Q;0.4794299559946855;14.031665390033217;410.6702786424103;2.6336473591038336;32.680102413432806;3.158363228018755;7.408570527426604;15.44672606526459;14.689060358945126;-29.839215498679053;-18.443771704081215;-30.00756533016697;0.03059965930795127;29.267393942711326;3.6585494429816;13.384984026740975;-45.83821;-15.177202;-22.657810974121094;-21.898762;-0.16146967803554627;2.8563506209033886;8.158738869535174;-45.16503;-0.6000836;-18.28757643521326;-17.934025;-0.1561907686905632;4.370234538907834;0.5520541173943805;DIFF;2.1492352e+07;DIFF;0.8071202;0.8064604;0.479429955995;14.03166539;OIL SPILL
04 S1A_IW_GRDH_1SDV_20200609T001544_NR_Orb_Cal_TC.tif;15;SP00133GXS1;SENTINEL-1;IW;IMG_04_WIN_002;IMG_04_WIN_002;800;600;800;600;1;1;800;600;0;0;0;0;0;2;1;1;13;4;4;19.551881770823794;-92.17916442524854;15Q;0.294173294972654;4.727175739256267;75.96267523838392;0.7251154958734904;6.0449176273365595;3.077331237334962;7.312201258564915;13.423650287182328;13.712906289092825;-27.977454574113057;-17.74626749196289;27.290162192860635;0.16542822609819552;16.069357144385588;3.611456006698523;13.042614488318844;-49.681297;-14.423215;-22.760123905254776;-22.317568;-0.1586747076479985;2.645359114441464;6.9979248443585265;-31.64955;-12.080809;-18.84386058134191;-18.483929;-0.1403830761229864;3.9162633239128652;0.5161109029599101;DIFF;885049.0;DIFF;0.82793313;0.82572126;0.294173294973;4.72717573926;OIL SPILL
04 S1A_IW_GRDH_1SDV_20200609T001544_NR_Orb_Cal_TC.tif;16;SP00134GXS1;SENTINEL-1;IW;IMG_04_WIN_002;IMG_04_WIN_002;800;600;800;600;1;1;800;600;0;0;0;0;0;2;1;1;13;4;4;19.578351862347777;-92.23264096637912;15Q;0.03109807265330063;2.1372451412280773;146.8842408540136;2.54222101409832;11.688676497108393;3.158211454818591;7.40743752482237;14.305976598700394;14.251255063405711;28.554656480786804;18.05606853449897;29.013423381696906;0.0855528853285815;68.72596784551014;4.0787563358592225;16.636253247311753;-37.279537;-15.18244;-22.84837690606175;-21.879953;-0.17851405168203066;2.774975413183354;7.700488543772128;-36.96323;-11.807442;-18.285882432068874;-17.913225;-0.15175507244412442;4.562494473992874;0.578890217852848;DIFF;261666.0;DIFF;0.8003143;0.7968796;0.0310980726534;2.13724514123;OIL SPILL
04 S1A_IW_GRDH_1SDV_20200609T001544_NR_Orb_Cal_TC.tif;17;SP00135GXS1;SENTINEL-1;IW;IMG_04_WIN_005;IMG_04_WIN_005;800;600;800;600;1;1;800;600;0;0;0;0;0;5;1;1;13;1;1;19.458013227923125;-92.32912773657513;15Q;0.04686664151984049;1.90540739391244;77.46612983222258;4.896570042100442;6.16455874249838;3.162082609312272;7.420544437317771;15.260175842181276;15.57821674675074;31.33810698196402;21.039950845605492;31.048122570431516;0.16221761228520937;40.65594060342059;3.874151208062081;15.009047582928881;-41.55053;-17.613014;-23.504333984375;-22.769314;-0.1648270999994088;2.647038553586283;7.006813104172159;-39.792637;-9.538632;-17.334833552575745;-17.055664;-0.15270054630509938;6.1695004317992534;0.7563072222693712;DIFF;1.380592e+06;DIFF;0.7375165;0.73613274;0.0468666415198;1.90540739392;OIL SPILL
